1;PROFESORADO EN LETRAS;ANALISIS Y PRODUCCION DEL DISCURSO;1;16:00;18:00;A;3;;;;;;;;;;;;;;;;;;;;
1;PROFESORADO EN LETRAS;LING‹ÕSTICA I;1;18:00;21:00;E;6;;;;;;;;;;;;;;;;;;;;
1;PROFESORADO EN LETRAS;LITERATURA GRIEGA;1;;;;;16:00;18:00;E;3;16:00;18:00;E;8;17:00;19:00;E;3;;;;;;;;
1;PROFESORADO EN LETRAS;CIENCIA UNIVERSIDAD Y SOCIEDAD;1;;;;;18:00;20:00;A;3;;;;;;;;;15:00;17:00;E;6;;;;
1;PROFESORADO EN LETRAS;PROBLEM¡TICA EDUCATIVA;1;;;;;;;;;19:00;22:00;A;2;20:00;23:00;A;1;;;;;;;;
1;PROFESORADO EN LETRAS;LITERATURA FRANCESA;2;16:00;19:00;A;12;;;;;18:00;21:00;E;11;;;;;;;;;;;;
1;PROFESORADO EN LETRAS;TALLER DE ESCRITURA;2;;;;;15:00;17:00;B;1;15:00;17:00;B;1;;;;;;;;;;;;
1;PROFESORADO EN LETRAS;LENGUA Y CULTURA LATINAS II;2;;;;;17:00;20:00;E;11;;;;;18:00;21:00;E;4;;;;;;;;
1;PROFESORADO EN LETRAS;LITERATURA ESPA—OLA II;2;;;;;;;;;;;;;15:00;18:00;E;4;17:00;20:00;E;4;;;;
1;PROFESORADO EN LETRAS;APRENDIZAJE;2;;;;;;;;;;;;;;;;;13:00;17:00;A;11;;;;
1;PROFESORADO EN LETRAS;ANALISIS POLITICO Y ORG. DEL SISTEMA EDUCATIVO;3;10:00;13:00;A;2;;;;;;;;;17:00;20:00;A;12;;;;;;;;
1;PROFESORADO EN LETRAS;LITERATURA ARGENTINA I;3;15:00;18:00;E;11;;;;;;;;;;;;;;;;;;;;
1;PROFESORADO EN LETRAS;SEMINARIO DE TEORIA LITERARIA;3;;;;;;;;;12:00;14:00;B;1;;;;;;;;;;;;
1;PROFESORADO EN LETRAS;LITERATURA ARGENTINA I;3;;;;;;;;;15:00;18:00;E;11;;;;;;;;;;;;
1;PROFESORADO EN LETRAS;LITERATURA LATINOAMERICANA II;3;;;;;18:00;21:00;F;10;18:00;21:00;F;10;;;;;;;;;;;;
1;PROFESORADO EN LETRAS;TALLER DE PRACTICA DOCENTE;4;17:00;20:00;E;12;;;;;;;;;15:00;18:00;E;12;;;;;;;;
1;PROFESORADO EN LETRAS;HISTORIA DE LA LENGUA;4;;;;;15:00;18:00;F;24;;;;;;;;;15:00;18:00;F;24;;;;
1;PROFESORADO EN LETRAS;SEMINARIO DE LITERATURA;4;;;;;;;;;;;;;18:00;21:00;F;14;;;;;;;;
60;LICENCIATURA EN LETRAS;ANALISIS Y PRODUCCION DEL DISCURSO;1;16:00;18:00;A;3;;;;;;;;;;;;;;;;;;;;
60;LICENCIATURA EN LETRAS;LING‹ÕSTICA I;1;18:00;21:00;E;6;;;;;;;;;;;;;17:00;20:00;A;2;;;;
60;LICENCIATURA EN LETRAS;INTRODUCCION A LA FILOSOFIA;1;;;;;14:00;16:00;E;4;;;;;15:00;17:00;E;9;;;;;;;;
60;LICENCIATURA EN LETRAS;LITERATURA GRIEGA I;1;;;;;16:00;18:00;E;3;16:00;18:00;E;8;17:00;19:00;E;3;;;;;;;;
60;LICENCIATURA EN LETRAS;CIENCIA UNIVERSIDAD Y SOCIEDAD;1;;;;;18:00;20:00;A;3;;;;;;;;;15:00;17:00;A;2;;;;
60;LICENCIATURA EN LETRAS;LITERATURA FRANCESA;2;16:00;19:00;A;12;;;;;18:00;21:00;E;11;;;;;;;;;;;;
60;LICENCIATURA EN LETRAS;TALLER DE ESCRITURA;2;;;;;15:00;17:00;B;1;15:00;17:00;B;1;;;;;;;;;;;;
60;LICENCIATURA EN LETRAS;LENGUA Y CULTURA LATINAS II;2;;;;;17:00;20:00;E;11;;;;;18:00;21:00;E;4;;;;;;;;
60;LICENCIATURA EN LETRAS;LITERATURA ESPA—OLA II;2;;;;;;;;;;;;;15:00;18:00;E;4;17:00;20:00;E;4;;;;
60;LICENCIATURA EN LETRAS;LITERATURA ARGENTINA I;3;15:00;18:00;E;11;;;;;;;;;;;;;;;;;;;;
60;LICENCIATURA EN LETRAS;SEMINARIO DE TEORIA LITERARIA;3;;;;;;;;;12:00;14:00;B;1;;;;;;;;;;;;
60;LICENCIATURA EN LETRAS;LITERATURA ARGENTINA I;3;;;;;;;;;15:00;18:00;E;11;;;;;;;;;;;;
60;LICENCIATURA EN LETRAS;LITERATURA LATINOAMERICANA II;3;;;;;18:00;21:00;F;10;18:00;21:00;F;10;;;;;;;;;;;;
60;LICENCIATURA EN LETRAS;HISTORIA DE LA LENGUA;4;;;;;15:00;18:00;F;24;;;;;;;;;15:00;18:00;F;24;;;;
60;LICENCIATURA EN LETRAS;SEMINARIO DE LA LITERATURA;4;;;;;;;;;;;;;18:00;21:00;F;14;;;;;;;;
3;PROFESORADO EN HISTORIA;ANALISIS Y PRODUCCION DEL DISCURSO;1;16:00;18:00;A;3;;;;;;;;;;;;;;;;;;;;
3;PROFESORADO EN HISTORIA;ECONOMIA GENERAL;1;18:00;20:00;A;3;;;;;;;;;18:00;20:00;A;3;;;;;;;;
3;PROFESORADO EN HISTORIA;SOCIOLOGIA GENERAL;1;;;;;18:00;20:00;A;2;;;;;14:00;16:00;A;3;;;;;;;;
3;PROFESORADO EN HISTORIA;CIENCIA UNIVERSIDAD Y SOCIEDAD;1;;;;;20:00;22:00;A;3;;;;;;;;;15:00;17:00;A;1;;;;
3;PROFESORADO EN HISTORIA;PROBLEM¡TICA EDUCATIVA;1;;;;;;;;;19:00;22:00;A;2;20:00;23:00;A;1;;;;;;;;
3;PROFESORADO EN HISTORIA;PROB. DE DERECHOS HUMANOS;2;20:00;22:00;E;12;;;;;19:00;21:00;E;9;;;;;;;;;;;;
3;PROFESORADO EN HISTORIA;METODOLOGIA Y TECNICA DE INV. EN HISTORIA;2;;;;;18:00;21:00;D;15;;;;;19:00;22:00;B;3;;;;;;;;
3;PROFESORADO EN HISTORIA;HISTORIA MEDIEVAL;2;;;;;;;;;16:00;19:00;E;9;;;;;17:00;20:00;E;12;;;;
3;PROFESORADO EN HISTORIA;APRENDIZAJE;2;;;;;;;;;;;;;;;;;13:00;17:00;A;11;;;;
3;PROFESORADO EN HISTORIA;ANALISIS POLITICO Y ORGANIZACIONAL DEL SISTEMA EDUCATIVO;3;10:00;13:00;A;2;;;;;;;;;17:00;20:00;A;12;;;;;;;;
3;PROFESORADO EN HISTORIA;HISTORIOGRAFIA CONTEMPORANEA;3;16:00;19:00;E;4;;;;;;;;;14:00;17:00;E;3;;;;;;;;
3;PROFESORADO EN HISTORIA;HISTORIA AMERICANA II;3;;;;;14:00;17:00;E;2;;;;;;;;;15:00;18:00;E;9;;;;
3;PROFESORADO EN HISTORIA;HISTORIA ARGENTINA I;3;;;;;17:00;20:00;E;2;16:00;19:00;E;10;;;;;;;;;;;;
3;PROFESORADO EN HISTORIA;HISTORIA CONTEMPORANEA;3;;;;;;;;;19:00;22:00;E;10;;;;;18:00;21:00;E;11;;;;
3;PROFESORADO EN HISTORIA;TALLER DE PRACTICA DOCENTE;4;14:00;16:00;E;10;14:00;16:00;E;3;;;;;;;;;;;;;;;;
3;PROFESORADO EN HISTORIA;SEMINARIO DE LITERATURA;4;;;;;18:00;21:00;E;14;;;;;;;;;;;;;;;;
3;PROFESORADO EN HISTORIA;HISTORIOGRAFIA AMERICANA Y ARGENTINA;4;;;;;;;;;14:00;17:00;F;14;;;;;14:00;17:00;D;1;;;;
3;PROFESORADO EN HISTORIA;SEMINARIO HISTORIA DE LA PATAGONIA;4;;;;;;;;;;;;;20:00;23:00;B;2;;;;;;;;
4;PROFESORADO EN GEOGRAFIA;ANALISIS Y PRODUCCION DEL DISCURSO;1;16:00;18:00;A;3;;;;;;;;;;;;;;;;;;;;
4;PROFESORADO EN GEOGRAFIA;ECONOMIA GENERAL;1;18:00;20:00;A;3;;;;;;;;;18:00;20:00;A;3;;;;;;;;
4;PROFESORADO EN GEOGRAFIA;CLIMATOLOGIA;1;20:00;23:00;B;1;;;;;;;;;;;;;18:00;21:00;D;6;;;;
4;PROFESORADO EN GEOGRAFIA;CIENCIA UNIVERSIDAD Y SOCIEDAD;1;;;;;18:00;20:00;A;3;;;;;;;;;15:00;17:00;A;2;;;;
4;PROFESORADO EN GEOGRAFIA;PROBLEM¡TICA EDUCATIVA;1;;;;;;;;;19:00;22:00;A;2;20:00;23:00;A;1;;;;;;;;
4;PROFESORADO EN GEOGRAFIA;ESTADISTICA PARA CIENCIAS SOCIALES;2;16:00;18:00;A;10;17:00;20:00;D;1;;;;;;;;;18:00;21:00;E;9;;;;
4;PROFESORADO EN GEOGRAFIA;HIDROGRAFIA;2;;;;;;;;;14:00;17:00;D;6;14:00;17:00;A;14;;;;;;;;
4;PROFESORADO EN GEOGRAFIA;HISTORIA SOCIAL GENERAL;2;;;;;;;;;18:00;21:00;E;7;18:00;21:00;E;12;;;;;;;;
4;PROFESORADO EN GEOGRAFIA;APRENDIZAJE;2;;;;;;;;;;;;;;;;;13:00;17:00;A;11;;;;
4;PROFESORADO EN GEOGRAFIA;ANALISIS POLITICO Y ORGANIZACIONAL DEL SISTEMA EDUCATIVO;3;10:00;13:00;A;2;;;;;;;;;17:00;20:00;A;12;;;;;;;;
4;PROFESORADO EN GEOGRAFIA;GEOGRAFIA ECONOMICA Y POLITICA;3;;;;;09:00;12:00;B;1;;;;;20:30;23:30;B;1;;;;;;;;
4;PROFESORADO EN GEOGRAFIA;METODOLOGIA DE LA INVESTIGACION EN GEOGRAFIA;3;;;;;14:00;18:00;B;2;;;;;;;;;13:00;17:00;A;14;;;;
4;PROFESORADO EN GEOGRAFIA;TERRITORIOS GEOGRAFICOS MUNDIALES;3;;;;;;;;;09:30;12:30;D;1;;;;;09:30;12:30;D;1;;;;
4;PROFESORADO EN GEOGRAFIA;SEMINARIO DE INTEGRACION AMBIENTES NATURALES Y ACCION ANTROPICA;3;;;;;;;;;;;;;14:00;17:00;D;1;;;;;;;;
4;PROFESORADO EN GEOGRAFIA;GEOGRAFIA REGIONAL ARGENTINA;4;09:00;12:00;D;1;09:00;12:00;D;1;;;;;;;;;;;;;;;;
4;PROFESORADO EN GEOGRAFIA;TERRITORIOS GEOGRAFICOS DE AMERICA;4;;;;;20:00;23:00;D;1;;;;;18:00;21:00;E;11;;;;;;;;
64;LICENCIATURA EN GEOGRAFIA;ANALISIS Y PRODUCCION DEL DISCURSO;1;16:00;18:00;A;3;;;;;;;;;;;;;;;;;;;;
64;LICENCIATURA EN GEOGRAFIA;ECONOMIA GENERAL;1;18:00;20:00;A;3;;;;;;;;;18:00;20:00;A;3;;;;;;;;
64;LICENCIATURA EN GEOGRAFIA;CLIMATOLOGIA;1;20:00;23:00;B;1;;;;;;;;;;;;;18:00;21:00;D;6;;;;
64;LICENCIATURA EN GEOGRAFIA;CIENCIA UNIVERSIDAD Y SOCIEDAD;1;;;;;18:00;20:00;A;3;;;;;;;;;15:00;17:00;A;2;;;;
64;LICENCIATURA EN GEOGRAFIA;ESTADISTICA PARA CIENCIAS SOCIALES;2;16:00;18:00;A;10;17:00;20:00;D;1;;;;;;;;;18:00;21:00;E;9;;;;
64;LICENCIATURA EN GEOGRAFIA;HIDROGRAFIA;2;;;;;;;;;14:00;17:00;D;6;14:00;17:00;A;14;;;;;;;;
64;LICENCIATURA EN GEOGRAFIA;HISTORIA SOCIAL GENERAL;2;;;;;;;;;18:00;21:00;E;7;18:00;21:00;E;12;;;;;;;;
64;LICENCIATURA EN GEOGRAFIA;GEOGRAFIA ECONOMICA Y POLITICA;3;;;;;09:00;12:00;B;1;;;;;20:30;23:30;D;1;;;;;;;;
64;LICENCIATURA EN GEOGRAFIA;METODOLOGIA DE LA INVESTIGACION EN GEOGRAFIA;3;;;;;14:00;18:00;B;2;;;;;;;;;13:00;17:00;A;14;;;;
64;LICENCIATURA EN GEOGRAFIA;TERRITORIOS GEOGRAFICOS MUNDIALES;3;;;;;;;;;09:30;12:30;D;1;;;;;09:30;12:30;D;1;;;;
64;LICENCIATURA EN GEOGRAFIA;SEMINARIO DE INTEGRACION AMBIENTES NATURALES Y ACCION ANTROPICA;3;;;;;;;;;;;;;14:00;17:00;D;1;;;;;;;;
64;LICENCIATURA EN GEOGRAFIA;GEOGRAFIA REGIONAL ARGENTINA;4;09:00;12:00;D;1;09:00;12:00;D;1;;;;;;;;;;;;;;;;
64;LICENCIATURA EN GEOGRAFIA;TERRITORIOS GEOGRAFICOS DE AMERICA;4;;;;;20:00;23:00;D;1;;;;;18:00;21:00;E;11;;;;;;;;
64;LICENCIATURA EN GEOGRAFIA;SEMINARIO DE INTEGRACION;4;;;;;;;;;;;;;;;;;09:00;15:00;A;12;;;;
16;ANALISTA DE SISTEMAS;ORGANIZACI”N DE LAS COMPUTADORAS;1;;;;;18:00;20:00;A;6;;;;;20:00;22:00;A;6;20:00;22:00;A;6;;;;
16;ANALISTA DE SISTEMAS;ANALISIS MATEMATICO I;1;20:00;23:00;A;3;16:00;18:00;A;1;18:00;21:00;A;3;16:00;18:00;A;3;;;;;;;;
16;ANALISTA DE SISTEMAS;MATEMATICA DISCRETA;1;;;;;14:00;16:00;A;10;14:00;16:00;E;9;14:00;16:00;E;11;;;;;;;;
16;ANALISTA DE SISTEMAS;RESOLUCION DE PROBLEMAS Y ALGORITMOS;1;;;;;20:00;22:00;A;6;16:00;18:00;A;6;18:00;20:00;A;6;;;;;;;;
16;ANALISTA DE SISTEMAS;ANALISIS Y PRODUCCION DEL DISCURSO;1;;;;;;;;;;;;;;;;;18:00;20:00;A;3;;;;
16;ANALISTA DE SISTEMAS;ANALISIS Y DISE—O DEL SOFTWARE;2;18:00;21:00;A;4;;;;;16:00;18:00;A;4;18:00;20:00;A;4;;;;;;;;
16;ANALISTA DE SISTEMAS;BASE DE DATOS;2;17:00;19:00;A;6;16:00;18:00;A;6;;;;;16:00;18:00;A;6;;;;;;;;
16;ANALISTA DE SISTEMAS;CIENCIA UNIVERSIDAD Y SOCIEDAD;2;;;;;18:00;20:00;A;3;;;;;;;;;15:00;17:00;A;1;;;;
16;ANALISTA DE SISTEMAS;SISTEMAS OPERATIVOS;2;;;;;20:00;23:00;A;7;;;;;20:00;23:00;A;7;;;;;;;;
16;ANALISTA DE SISTEMAS;ESTRUCTURA DE DATOS;2;;;;;;;;;18:00;21:00;A;8;;;;;17:00;20:00;A;8;;;;
16;ANALISTA DE SISTEMAS;SISTEMAS OPERATIVOS DISTRIBUIDOS;3;18:00;21:00;A;7;;;;;20:00;22:00;A;7;;;;;;;;;;;;
16;ANALISTA DE SISTEMAS;ESTADISTICA I;3;;;;;;;;;18:00;20:00;A;5;18:00;20:00;F;23;;;;;;;;
16;ANALISTA DE SISTEMAS;GESTION DE PROYECTOS DE SOFTWARE;3;;;;;16:00;18:00;A;4;;;;;16:00;18:00;A;4;;;;;;;;
16;ANALISTA DE SISTEMAS;LABORATORIO DE DESARROLLO DE SOFTWARE;3;;;;;18:00;21:00;A;4;;;;;;;;;17:00;20:00;A;4;;;;
72;LICENCIATURA EN SISTEMAS;ORGANIZACI”N DE LAS COMPUTADORAS;1;;;;;18:00;20:00;A;6;;;;;20:00;22:00;A;6;20:00;22:00;A;6;;;;
72;LICENCIATURA EN SISTEMAS;ANALISIS MATEMATICO I;1;20:00;23:00;A;3;16:00;18:00;A;1;18:00;21:00;A;3;16:00;18:00;A;3;;;;;;;;
72;LICENCIATURA EN SISTEMAS;MATEMATICA DISCRETA;1;;;;;14:00;16:00;A;10;14:00;16:00;E;9;14:00;16:00;E;11;;;;;;;;
72;LICENCIATURA EN SISTEMAS;RESOLUCION DE PROBLEMAS Y ALGORITMOS;1;;;;;20:00;22:00;A;6;16:00;18:00;A;6;18:00;20:00;A;6;;;;;;;;
72;LICENCIATURA EN SISTEMAS;ANALISIS Y PRODUCCION DEL DISCURSO;1;;;;;;;;;;;;;;;;;18:00;20:00;A;3;;;;
72;LICENCIATURA EN SISTEMAS;ANALISIS Y DISE—O DEL SOFTWARE;2;18:00;21:00;A;4;;;;;16:00;18:00;A;4;18:00;20:00;A;4;;;;;;;;
72;LICENCIATURA EN SISTEMAS;BASE DE DATOS;2;17:00;19:00;A;6;16:00;18:00;A;6;;;;;16:00;18:00;A;6;;;;;;;;
72;LICENCIATURA EN SISTEMAS;CIENCIA UNIVERSIDAD Y SOCIEDAD;2;;;;;18:00;20:00;A;3;;;;;;;;;15:00;17:00;A;1;;;;
72;LICENCIATURA EN SISTEMAS;SISTEMAS OPERATIVOS;2;;;;;20:00;23:00;A;7;;;;;20:00;23:00;A;7;;;;;;;;
72;LICENCIATURA EN SISTEMAS;ESTRUCTURA DE DATOS;2;;;;;;;;;18:00;21:00;A;8;;;;;17:00;20:00;A;8;;;;
72;LICENCIATURA EN SISTEMAS;SISTEMAS OPERATIVOS DISTRIBUIDOS;3;18:00;21:00;A;7;;;;;20:00;22:00;A;7;;;;;;;;;;;;
72;LICENCIATURA EN SISTEMAS;ESTADISTICA I;3;;;;;;;;;18:00;20:00;A;5;18:00;20:00;F;23;;;;;;;;
72;LICENCIATURA EN SISTEMAS;GESTION DE PROYECTOS DE SOFTWARE;3;;;;;16:00;18:00;A;4;;;;;16:00;18:00;A;4;;;;;;;;
72;LICENCIATURA EN SISTEMAS;LABORATORIO DE DESARROLLO DE SOFTWARE;3;;;;;18:00;21:00;A;4;;;;;;;;;17:00;20:00;A;4;;;;
72;LICENCIATURA EN SISTEMAS;Fundamentos Y Lenguajes De Programacion;4;14:00;16:00;A;4;16:00;18:00;A;7;;;;;17:00;19:00;F;14;;;;;;;;
72;LICENCIATURA EN SISTEMAS;Metodologia De La Investigacion;4;16:00;18:00;A;11;;;;;;;;;;;;;15:30;17:30;F;14;;;;
72;LICENCIATURA EN SISTEMAS;Inteligencia Artificial;4;18:00;20:00;A;4;18:00;20:00;A;7;16:00;18:00;A;8;;;;;;;;;;;;
72;LICENCIATURA EN SISTEMAS;Sistemas De Informacion;4;;;;;;;;;;;;;20:30;22:30;A;4;;;;;;;;
61;LICENCIATURA EN TURISMO;PATRIMONIO TURISTICO CIRCUITO I;1;19:00;21:00;E;2;;;;;;;;;20:00;22:00;A;13;;;;;;;;
61;LICENCIATURA EN TURISMO;INGLES I;1;;;;;17:00;19:00;E;7;;;;;16:00;18:00;E;5;;;;;;;;
61;LICENCIATURA EN TURISMO;GEOGRAFIA;1;;;;;19:00;21:00;E;7;;;;;;;;;16:00;18:00;D;6;;;;
61;LICENCIATURA EN TURISMO;PROCESOS HISTORICOS;1;;;;;21:00;23:00;E;7;;;;;18:00;20:00;E;5;;;;;;;;
61;LICENCIATURA EN TURISMO;ANALISIS Y PRODUCCION DELDISCURSO;1;;;;;;;;;15:00;17:00;A;1;;;;;;;;;;;;
61;LICENCIATURA EN TURISMO;INGLES II;2;18:00;20:00;E;11;;;;;;;;;;;;;;;;;;;;
61;LICENCIATURA EN TURISMO;METODOLOGIA DE LA INVESTIGACION;2;;;;;14:00;18:00;B;2;;;;;;;;;13:00;17:00;A;14;;;;
61;LICENCIATURA EN TURISMO;SERVICIOS TURISTICOS;2;;;;;18:00;20:00;E;10;;;;;15:00;18:00;D;6;;;;;;;;
61;LICENCIATURA EN TURISMO;CIENCIA UNIVERSIDAD Y SOCIEDAD;2;;;;;20:00;22:00;A;2;;;;;18:00;20:00;A;2;;;;;;;;
61;LICENCIATURA EN TURISMO;INTRODUCCION A LA ESTADISTICA;2;;;;;;;;;15:00;18:00;E;6;;;;;17:00;20:00;A;11;;;;
61;LICENCIATURA EN TURISMO;LEGISLACION TURISTICA PATRIMONIAL Y AMBIENTAL;3;16:00;18:00;E;10;;;;;16:00;18:00;E;5;;;;;;;;;;;;
61;LICENCIATURA EN TURISMO;INGLES III;3;18:00;20:00;A;5;;;;;;;;;20:00;22:00;E;6;;;;;;;;
61;LICENCIATURA EN TURISMO;GEOGRAFIA TURISTICA EV. IMPACTO AMB.;3;;;;;17:00;19:00;E;6;;;;;17:00;19:00;D;1;;;;;;;;
61;LICENCIATURA EN TURISMO;MERCADOTECNIA MARKETING Y PROMOCION TURISTICA;3;;;;;20:00;23:00;E;2;20:00;23:00;E;5;;;;;;;;;;;;
61;LICENCIATURA EN TURISMO;PRACTICA PROFESIONAL I;3;;;;;;;;;;;;;;;;;18:00;21:00;A;12;;;;
61;LICENCIATURA EN TURISMO;CONSERVACION DE SITIOS CULTURALES ARQUEOLOGICOS Y PALEONTOLOGICOS;4;14:00;18:00;D;1;;;;;;;;;;;;;;;;;;;;
61;LICENCIATURA EN TURISMO;POLITICA DEL TURISMO;4;18:00;20:00;A;10;;;;;18:00;20:00;D;17;;;;;;;;;;;;
61;LICENCIATURA EN TURISMO;TEORIA TURISTICA;4;;;;;16:00;18:00;D;17;;;;;;;;;;;;;;;;
61;LICENCIATURA EN TURISMO;FORMULACION Y EVALUACION DE PROYECTOS TURISTICOS;4;;;;;18:00;20:00;D;17;18:00;20:00;D;17;;;;;;;;;;;;
61;LICENCIATURA EN TURISMO;GESTION Y ADMINISTRACION DE EMPRESAS TURISTICAS;4;;;;;20:00;22:00;D;17;14:00;16:00;D;17;;;;;18:00;20:00;E;2;;;;
61;LICENCIATURA EN TURISMO;CONSERVACION DE RECURSOS NATURALES;4;;;;;;;;;;;;;;;;;;;;;;;;
61;LICENCIATURA EN TURISMO;PRACTICA II;4;;;;;;;;;;;;;15:00;18:00;E;5;;;;;;;;
61;LICENCIATURA EN TURISMO;GESTION DE PATRIMONIO;5;;;;;19:00;21:00;E;5;;;;;19:00;21:00;E;3;;;;;;;;
61;LICENCIATURA EN TURISMO;TESIS DE LICENCIATURA;5;;;;;;;;;;;;;17:00;19:00;D;17;10:00;12:00;D;17;;;;
61;LICENCIATURA EN TURISMO;INGLES V;5;;;;;;;;;;;;;;;;;13:00;15:00;E;11;;;;
61;LICENCIATURA EN TURISMO;PRACTICA III;5;;;;;;;;;;;;;;;;;15:00;18:00;D;16;;;;
62;TECNICATURA EN TURISMO;PATRIMONIO TURISTICO CIRCUITO I;1;19:00;21:00;E;2;;;;;;;;;20:00;22:00;A;13;;;;;;;;
62;TECNICATURA EN TURISMO;INGLES I;1;;;;;17:00;19:00;E;7;;;;;16:00;18:00;E;5;;;;;;;;
62;TECNICATURA EN TURISMO;GEOGRAFIA;1;;;;;19:00;21:00;E;7;;;;;;;;;16:00;18:00;D;6;;;;
62;TECNICATURA EN TURISMO;PROCESOS HISTORICOS;1;;;;;21:00;23:00;E;7;;;;;18:00;20:00;E;5;;;;;;;;
62;TECNICATURA EN TURISMO;ANALISIS Y PRODUCCION DELDISCURSO;1;;;;;;;;;15:00;17:00;A;1;;;;;;;;;;;;
62;TECNICATURA EN TURISMO;PRACTICA PROFESIONAL I;1;;;;;;;;;;;;;;;;;18:00;21:00;A;12;;;;
62;TECNICATURA EN TURISMO;INGLES II;2;18:00;20:00;E;11;;;;;14:00;16:00;A;12;;;;;;;;;;;;
62;TECNICATURA EN TURISMO;SERVICIOS TURISTICOS;2;;;;;18:00;20:00;E;10;;;;;15:00;18:00;D;6;;;;;;;;
62;TECNICATURA EN TURISMO;CIENCIA UNIVERSIDAD Y SOCIEDAD;2;;;;;20:00;22:00;A;2;;;;;18:00;20:00;A;2;;;;;;;;
62;TECNICATURA EN TURISMO;LEGISLACION TURISTICA PATRIMONIAL Y AMBIENTAL;2;16:00;18:00;E;10;;;;;16:00;18:00;E;5;;;;;;;;;;;;
62;TECNICATURA EN TURISMO;ECOLOGIA;2;;;;;16:30;18:00;E;4;18:00;19:30;E;5;;;;;;;;;;;;
62;TECNICATURA EN TURISMO;PRACTICA PROFESIONAL II;2;;;;;;;;;;;;;;;;;15:00;18:00;E;5;;;;
62;TECNICATURA EN TURISMO;INGLES III;3;18:00;20:00;A;5;;;;;;;;;20:00;22:00;E;6;;;;;;;;
62;TECNICATURA EN TURISMO;GEOGRAFIA TURISTICA EV. IMPACTO AMB.;3;;;;;17:00;19:00;E;6;;;;;17:00;19:00;D;1;;;;;;;;
62;TECNICATURA EN TURISMO;MERCADOTECNIA MARKETING Y PROMOCION TURISTICA;3;;;;;20:00;23:00;E;2;20:00;23:00;E;5;;;;;;;;;;;;
62;TECNICATURA EN TURISMO;CONSERVACION DE RECURSOS TURISTICOS;3;16:00;18:00;A;8;;;;;;;;;14:00;16:00;A;5;;;;;;;;
62;TECNICATURA EN TURISMO;PRACTICA III;3;;;;;14:00;17:00;A;5;;;;;;;;;;;;;;;;
62;TECNICATURA EN TURISMO;TECNICA DE VENTAS Y ATENCION AL CLIENTE;3;;;;;;;;;;;;;;;;;17:00;21:00;E;8;;;;
913;LICENCIATURA EN ADMINISTRACION;MATEMATICA II;1;14:00;16:00;A;1;18:00;20:00;A;1;17:00;19:00;A;1;;;;;20:00;22:00;A;2;;;;
913;LICENCIATURA EN ADMINISTRACION;ADMINISTRACION I;1;16:00;19:00;A;1;;;;;;;;;20:00;23:00;A;3;;;;;;;;
913;LICENCIATURA EN ADMINISTRACION;CIENCIA UNIVERSIDAD Y SOCIEDAD;1;;;;;20:00;22:00;A;1;;;;;18:00;20:00;A;1;;;;;;;;
913;LICENCIATURA EN ADMINISTRACION;ANALISIS Y PRODUCCION DEL DISCURSO;1;;;;;;;;;15:00;17:00;A;3;;;;;;;;;;;;
913;LICENCIATURA EN ADMINISTRACION;ESTADISTICA;2;19:00;22:00;A;11;;;;;17:00;20:00;A;14;;;;;;;;;;;;
913;LICENCIATURA EN ADMINISTRACION;SISTEMAS CONTABLES II;2;;;;;17:00;20:00;A;11;;;;;17:00;20:00;A;14;;;;;;;;
913;LICENCIATURA EN ADMINISTRACION;CALCULO FINANCIERO;2;;;;;20:00;22:00;E;11;20:00;22:00;A;12;;;;;;;;;;;;
913;LICENCIATURA EN ADMINISTRACION;ECONOMIA II;3;16:00;19:00;E;9;;;;;;;;;;;;;20:00;23:00;A;13;;;;
913;LICENCIATURA EN ADMINISTRACION;GESTION DE OPERACIONES;3;21:00;24:00;E;6;21:00;24:00;D;15;;;;;;;;;;;;;;;;
913;LICENCIATURA EN ADMINISTRACION;COSTOS;3;;;;;18:00;20:00;A;14;;;;;18:00;20:00;A;11;;;;;;;;
913;LICENCIATURA EN ADMINISTRACION;INFORMATICA PARA LA GESTION;3;;;;;;;;;18:00;21:00;A;6;;;;;17:00;20:00;A;6;;;;
913;LICENCIATURA EN ADMINISTRACION;COMERCIALIZACION II;4;21:00;24:00;A;14;;;;;20:00;23:00;A;14;;;;;;;;;;;;
913;LICENCIATURA EN ADMINISTRACION;GESTION DE CALIDAD;4;;;;;16:00;18:00;B;30;;;;;18:00;20:00;A;13;;;;;;;;
913;LICENCIATURA EN ADMINISTRACION;ADMINISTRACION III;4;;;;;21:00;24:00;B;3;;;;;;;;;21:00;24:00;A;3;;;;
913;LICENCIATURA EN ADMINISTRACION;FORMULACION Y EVALUACION DE PROYECTOS;4;;;;;;;;;;;;;20:00;24:00;E;5;;;;;;;;
912;TECNICATURA UNIVERSITARIA EN GESTION DE LAS ORGANIZACIONES;MATEMATICA II;1;14:00;16:00;A;1;18:00;20:00;A;1;17:00;19:00;A;1;;;;;20:00;22:00;A;2;;;;
912;TECNICATURA UNIVERSITARIA EN GESTION DE LAS ORGANIZACIONES;ADMINISTRACION I;1;16:00;19:00;A;1;;;;;;;;;20:00;23:00;A;3;;;;;;;;
912;TECNICATURA UNIVERSITARIA EN GESTION DE LAS ORGANIZACIONES;CIENCIA UNIVERSIDAD Y SOCIEDAD;1;;;;;20:00;22:00;A;1;;;;;18:00;20:00;A;1;;;;;;;;
912;TECNICATURA UNIVERSITARIA EN GESTION DE LAS ORGANIZACIONES;ANALISIS Y PRODUCCION DEL DISCURSO;1;;;;;;;;;15:00;17:00;A;3;;;;;;;;;;;;
912;TECNICATURA UNIVERSITARIA EN GESTION DE LAS ORGANIZACIONES;ESTADISTICA;2;19:00;22:00;A;11;;;;;17:00;20:00;A;14;;;;;;;;;;;;
912;TECNICATURA UNIVERSITARIA EN GESTION DE LAS ORGANIZACIONES;SISTEMAS CONTABLES II;2;;;;;17:00;20:00;A;11;;;;;17:00;20:00;A;14;;;;;;;;
912;TECNICATURA UNIVERSITARIA EN GESTION DE LAS ORGANIZACIONES;CALCULO FINANCIERO;2;;;;;20:00;22:00;E;11;20:00;22:00;A;12;;;;;;;;;;;;
914;PROFESORADO EN ECONOMIA Y GESTION DE LAS ORGANIZACIONES;MATEMATICA II;1;14:00;16:00;A;1;18:00;20:00;A;1;17:00;19:00;A;1;;;;;20:00;22:00;A;2;;;;
914;PROFESORADO EN ECONOMIA Y GESTION DE LAS ORGANIZACIONES;PROBLEM¡TICA EDUCATIVA;1;16:00;19:00;A;2;;;;;;;;;20:00;23:00;A;1;;;;;;;;
914;PROFESORADO EN ECONOMIA Y GESTION DE LAS ORGANIZACIONES;CIENCIA UNIVERSIDAD Y SOCIEDAD;1;;;;;20:00;22:00;A;1;;;;;18:00;20:00;A;1;;;;;;;;
914;PROFESORADO EN ECONOMIA Y GESTION DE LAS ORGANIZACIONES;ANALISIS Y PRODUCCION DEL DISCURSO;1;;;;;;;;;15:00;17:00;A;3;;;;;;;;;;;;
914;PROFESORADO EN ECONOMIA Y GESTION DE LAS ORGANIZACIONES;ADMINISTRACION I;2;16:00;19:00;A;1;;;;;;;;;20:00;23:00;A;3;;;;;;;;
914;PROFESORADO EN ECONOMIA Y GESTION DE LAS ORGANIZACIONES;ESTADISTICA;2;19:00;22:00;A;11;;;;;17:00;20:00;A;14;;;;;;;;;;;;
914;PROFESORADO EN ECONOMIA Y GESTION DE LAS ORGANIZACIONES;SISTEMAS CONTABLES II;2;;;;;17:00;20:00;A;11;;;;;17:00;20:00;A;14;;;;;;;;
914;PROFESORADO EN ECONOMIA Y GESTION DE LAS ORGANIZACIONES;APRENDIZAJE;2;;;;;;;;;;;;;;;;;13:00;17:00;A;11;;;;
914;PROFESORADO EN ECONOMIA Y GESTION DE LAS ORGANIZACIONES;ECONOMIA II;3;16:00;19:00;E;9;;;;;;;;;;;;;20:00;23:00;A;13;;;;
914;PROFESORADO EN ECONOMIA Y GESTION DE LAS ORGANIZACIONES;ANALISIS POLITICO Y ORG. DEL SISTEMA EDUCATIVO;3;19:00;22:00;A;1;;;;;;;;;17:00;20:00;A;12;;;;;;;;
914;PROFESORADO EN ECONOMIA Y GESTION DE LAS ORGANIZACIONES;CALCULO FINACIERO;3;;;;;20:00;22:00;E;11;20:00;22:00;A;12;;;;;;;;;;;;
914;PROFESORADO EN ECONOMIA Y GESTION DE LAS ORGANIZACIONES;DIDACTICA DE LAS CIENCIAS ECONOMICAS Y EMPRESARIALES;3;;;;;;;;;16:00;19:00;F;8;;;;;16:00;19:00;F;8;;;;
914;PROFESORADO EN ECONOMIA Y GESTION DE LAS ORGANIZACIONES;COSTOS;4;;;;;18:00;20:00;A;14;;;;;18:00;20:00;A;11;;;;;;;;
914;PROFESORADO EN ECONOMIA Y GESTION DE LAS ORGANIZACIONES;INFORMATICA PARA LA GESTION;4;;;;;;;;;18:00;21:00;A;6;;;;;17:00;20:00;A;6;;;;
45;LICENCIATURA EN PSICOPEDAGOGIA;PROBLEM¡TICA EDUCATIVA;1;16:00;19:00;A;2;;;;;;;;;20:00;23:00;A;1;;;;;;;;
45;LICENCIATURA EN PSICOPEDAGOGIA;ANTROPOLOGIA SOCIOCULTURAL;1;;;;;14:00;16:00;A;1;;;;;;;;;14:00;16:00;A;3;;;;
45;LICENCIATURA EN PSICOPEDAGOGIA;SOCIOLOGIA GENERAL;1;;;;;18:00;20:00;A;2;;;;;14:00;16:00;A;3;;;;;;;;
45;LICENCIATURA EN PSICOPEDAGOGIA;CIENCIA UNIVERSIDAD Y SOCIEDAD;1;;;;;20:00;22:00;A;2;;;;;18:00;20:00;A;2;;;;;;;;
45;LICENCIATURA EN PSICOPEDAGOGIA;ANALISIS Y PRODUCCION DEL DISCURSO;1;;;;;;;;;15:00;17:00;A;1;;;;;;;;;;;;
45;LICENCIATURA EN PSICOPEDAGOGIA;ANALISIS POLITICO Y ORG. DEL SISTEMA EDUCATIVO;2;10:00;13:00;A;2;;;;;;;;;17:00;20:00;A;12;;;;;;;;
45;LICENCIATURA EN PSICOPEDAGOGIA;SOCIOLOGIA DE LA EDUCACION;2;17:00;19:00;B;1;16:00;18:00;A;2;;;;;;;;;;;;;;;;
45;LICENCIATURA EN PSICOPEDAGOGIA;SEMINARIO PSICOSOCIOLINGUISTICO;2;19:00;21:00;A;11;;;;;;;;;;;;;18:00;20:00;A;2;;;;
45;LICENCIATURA EN PSICOPEDAGOGIA;PROBLEM¡TICA EN SALUD;2;;;;;14:00;16:00;A;13;14:00;16:00;A;2;;;;;;;;;;;;
45;LICENCIATURA EN PSICOPEDAGOGIA;PSICOLOGIA EVOLUTIVA;2;;;;;20:00;22:00;A;11;17:00;19:00;A;11;;;;;;;;;;;;
45;LICENCIATURA EN PSICOPEDAGOGIA;SEMINARIO DE ANALISIS DE PRACTICA PROFESIONAL;3;21:00;24:00;E;5;;;;;;;;;;;;;21:00;23:00;E;11;;;;
45;LICENCIATURA EN PSICOPEDAGOGIA;CLINICA PSICOPEDAGOGICA I;3;;;;;16:00;19:00;A;12;;;;;16:00;19:00;E;7;;;;;;;;
45;LICENCIATURA EN PSICOPEDAGOGIA;EDUCACION FORMAL II;3;;;;;19:00;21:00;A;12;;;;;19:00;21:00;E;7;;;;;;;;
45;LICENCIATURA EN PSICOPEDAGOGIA;TEORIA Y METODOLOGIA DE LA INVESTIGACION EN CIENCIAS SOCIALES;3;;;;;;;;;15:00;18:00;E;3;;;;;15:00;18:00;E;11;;;;
45;LICENCIATURA EN PSICOPEDAGOGIA;SEMINARIO NEC. EDU. ESP.;3;;;;;;;;;18:00;21:00;A;10;;;;;;;;;;;;
45;LICENCIATURA EN PSICOPEDAGOGIA;CLINICA PSICOPEDAGOGICA II;4;18:00;21:00;E;5;;;;;18:00;20:00;E;6;;;;;18:00;21:00;E;5;;;;
45;LICENCIATURA EN PSICOPEDAGOGIA;SEMINARIO DE INVESTIGACION EN PSICOPEDAGOGIA;4;;;;;15:00;17:00;E;5;;;;;14:00;16:00;E;8;;;;;;;;
45;LICENCIATURA EN PSICOPEDAGOGIA;EDUCACION FORMAL III;4;;;;;17:00;19:00;E;12;;;;;16:00;18:00;A;1;;;;;;;;
45;LICENCIATURA EN PSICOPEDAGOGIA;O. E. Y V. O.;4;;;;;;;;;20:00;23:00;D;6;;;;;;;;;;;;
23;INGENIERIA EN RECURSOS NATURALES RENOVABLES;MATEMATICA II;1;14:00;16:00;A;1;18:00;20:00;A;1;17:00;19:00;A;1;;;;;20:00;22:00;A;2;;;;
23;INGENIERIA EN RECURSOS NATURALES RENOVABLES;BIOLOGIA GENERAL;1;16:00;18:00;B;3;16:00;18:00;A;3;19:00;22:00;D;10;;;;;;;;;;;;
23;INGENIERIA EN RECURSOS NATURALES RENOVABLES;PRINCIPIOS DE GEOLOGIA;1;;;;;;;;;;;;;14:00;18:00;B;3;14:00;18:00;B;3;;;;
23;INGENIERIA EN RECURSOS NATURALES RENOVABLES;ANALISIS Y PRODUCCION DEL DISCURSO;1;;;;;;;;;;;;;;;;;18:00;20:00;A;3;;;;
23;INGENIERIA EN RECURSOS NATURALES RENOVABLES;CARTOGRAFIA Y TELEDETECCION;2;14:00;17:00;D;6;14:00;17:00;D;6;;;;;;;;;;;;;;;;
23;INGENIERIA EN RECURSOS NATURALES RENOVABLES;ECONOMIA GENERAL;2;18:00;20:00;A;3;;;;;;;;;18:00;20:00;A;3;;;;;;;;
23;INGENIERIA EN RECURSOS NATURALES RENOVABLES;QUIMICA BIOLOGICA;2;;;;;17:00;21:00;B;1;14:00;18:00;B;3;;;;;;;;;;;;
23;INGENIERIA EN RECURSOS NATURALES RENOVABLES;ZOOLOGIA;2;;;;;;;;;18:00;22:00;B;3;;;;;18:00;22:00;B;3;;;;
23;INGENIERIA EN RECURSOS NATURALES RENOVABLES;FUNDAMENTOS DE LIMNOLOGIA Y OCEANOGRAFIA;3;14:00;18:00;D;10;14:00;18:00;D;10;;;;;;;;;;;;;;;;
23;INGENIERIA EN RECURSOS NATURALES RENOVABLES;RELACION SUELO PLANTA ANIMAL;3;18:00;21:00;B;3;;;;;;;;;;;;;14:00;17:00;D;12;;;;
23;INGENIERIA EN RECURSOS NATURALES RENOVABLES;TECNOLOGIA DE GESTION DE LAS ORGANIZACIONES;3;;;;;19:00;22:00;E;12;;;;;15:00;18:00;E;10;;;;;;;;
23;INGENIERIA EN RECURSOS NATURALES RENOVABLES;GENETICA;3;;;;;;;;;15:00;18:00;D;12;18:00;21:00;E;10;;;;;;;;
23;INGENIERIA EN RECURSOS NATURALES RENOVABLES;FORMULACION DE PROYECTOS;4;17:00;19:00;F;14;;;;;16:00;19:00;A;7;;;;;;;;;;;;
23;INGENIERIA EN RECURSOS NATURALES RENOVABLES;ACUICULTURA;4;;;;;14:00;17:00;D;12;;;;;14:00;17:00;D;10;;;;;;;;
23;INGENIERIA EN RECURSOS NATURALES RENOVABLES;EVALUACION Y MANEJO DE PASTIZALES;4;;;;;18:00;21:00;E;4;;;;;;;;;14:00;17:00;E;12;;;;
23;INGENIERIA EN RECURSOS NATURALES RENOVABLES;PRODUCCION BOVINA;4;;;;;;;;;;;;;19:00;23:00;D;SR;19:00;23:00;D;15;;;;
23;INGENIERIA EN RECURSOS NATURALES RENOVABLES;FRUTIHORTICULTURA;4;;;;;;;;;;;;;;;;;17:00;19:00;D;15;;;;
23;INGENIERIA EN RECURSOS NATURALES RENOVABLES;PRODUCCION OVINA;5;;;;;;;;;17:00;20:00;D;1;16:00;20:00;D;19;;;;;;;;
918;LICENCIATURA EN COMUNICACI”N SOCIAL;SEMIOTICA;1;;;;;12:00;14:00;B;3;;;;;12:00;14:00;B;3;;;;;;;;
918;LICENCIATURA EN COMUNICACI”N SOCIAL;TALLER DE PRODUCCION ESCRITA;1;;;;;16:00;18:00;A;9;;;;;16:00;18:00;A;9;;;;;;;;
918;LICENCIATURA EN COMUNICACI”N SOCIAL;CIENCIA UNIVERSIDAD Y SOCIEDAD;1;;;;;20:00;22:00;A;3;;;;;;;;;15:00;17:00;A;1;;;;
918;LICENCIATURA EN COMUNICACI”N SOCIAL;TALLER DE NUEVAS TECNOLOGIAS;1;;;;;;;;;18:00;20:00;A;9;;;;;18:00;20:00;B;1;;;;
918;LICENCIATURA EN COMUNICACI”N SOCIAL;ANALISIS Y PRODUCCION DEL DISCURSO;1;;;;;;;;;20:00;22:00;A;1;;;;;;;;;;;;
918;LICENCIATURA EN COMUNICACI”N SOCIAL;HISTORIA AMERICANA Y ARGENTINA CONTEMPORANEA;2;15:00;18:00;E;6;;;;;15:00;18:00;E;4;;;;;;;;;;;;
918;LICENCIATURA EN COMUNICACI”N SOCIAL;INGLES II;2;;;;;17:00;19:00;E;7;;;;;;;;;;;;;;;;
918;LICENCIATURA EN COMUNICACI”N SOCIAL;COMUNICACI”N GRAFICA Y TALLER II;2;;;;;19:00;21:00;A;5;;;;;18:00;20:00;A;9;;;;;;;;
918;LICENCIATURA EN COMUNICACI”N SOCIAL;COMUNICACI”N RADIOF. Y TALLER II;2;;;;;;;;;18:00;20:00;A;Laboratorio de radio;;;;;16:00;18:00;A;Laboratorio de radio;;;;
918;LICENCIATURA EN COMUNICACI”N SOCIAL;COMUNICACI”N AUDIOVISUAL Y TALLER II;3;18:00;20:00;A;Laboratorio de TV;;;;;20:00;22:00;A;Laboratorio de TV;;;;;;;;;;;;
918;LICENCIATURA EN COMUNICACI”N SOCIAL;INGLES II;3;;;;;17:00;19:00;E;7;;;;;;;;;;;;;;;;
918;LICENCIATURA EN COMUNICACI”N SOCIAL;METODOLOGIA DE LA INV. EN COMUNICACI”N;3;;;;;;;;;17:00;20:00;D;15;;;;;16:00;19:00;A;9;;;;
918;LICENCIATURA EN COMUNICACI”N SOCIAL;COMUNICACI”N EDUCATIVA;4;15:00;18:00;E;5;;;;;17:00;20:00;A;13;;;;;;;;;;;;
918;LICENCIATURA EN COMUNICACI”N SOCIAL;SEMINARIO DE COMUNICACI”N ESTRATEGICA;4;;;;;15:00;17:00;E;11;15:00;17:00;A;9;;;;;;;;;;;;
918;LICENCIATURA EN COMUNICACI”N SOCIAL;SEMINARIO DE PENSAMIENTO CONTEMPORANEO;4;;;;;17:00;21:00;E;2;;;;;;;;;;;;;;;;
918;LICENCIATURA EN COMUNICACI”N SOCIAL;SEMINARIO DE INVESTIGACI”N PERIODISTICA;4;;;;;;;;;;;;;15:00;18:00;A;13;;;;;;;;
49;PROFESORADO EN MATEMATICAS;PROBLEM¡TICA EDUCATIVA;1;16:00;19:00;A;2;;;;;;;;;20:00;23:00;A;1;;;;;;;;
49;PROFESORADO EN MATEMATICAS;ANALISIS MATEMATICO I;1;20:00;23:00;A;3;16:00;18:00;A;3;18:00;21:00;A;3;16:00;18:00;A;3;;;;;;;;
49;PROFESORADO EN MATEMATICAS;GEOMETRIA I;1;;;;;14:30;16:00;E;8;;;;;14:30;16;A;11;17:00;20:00;A;4;;;;
49;PROFESORADO EN MATEMATICAS;CIENCIA UNIVERSIDAD Y SOCIEDAD;1;;;;;18:00;20:00;A;3;;;;;;;;;15:00;17:00;A;2;;;;
49;PROFESORADO EN MATEMATICAS;ANALISIS Y PRODUCCION DEL DISCURSO;1;;;;;;;;;15:00;17:00;A;3;;;;;;;;;;;;
49;PROFESORADO EN MATEMATICAS;GEOMETRIA II;2;16:00;18:00;E;3;18:00;20:00;E;3;;;;;18:00;20:00;E;6;;;;;;;;
49;PROFESORADO EN MATEMATICAS;INFORMATICA;2;;;;;15:00;18:00;A;8;;;;;14:00;17:00;A;8;;;;;;;;
49;PROFESORADO EN MATEMATICAS;PROBABILIDADES;2;;;;;;;;;17:00;20:00;F;23;;;;;17:00;20:00;A;1;;;;
49;PROFESORADO EN MATEMATICAS;APRENDIZAJE;2;;;;;;;;;;;;;;;;;13:00;17:00;A;11;;;;
49;PROFESORADO EN MATEMATICAS;ANALISIS POLITICO Y ORGANIZACIONAL DEL SISTEMA EDUCATIVO;3;10:00;13:00;A;2;;;;;;;;;17:00;20:00;A;12;;;;;;;;
49;PROFESORADO EN MATEMATICAS;DIDACTICA DE LA MATEMATICA;3;14:00;16:00;E;9;14:00;17:00;F;14;;;;;;;;;14:00;17:00;E;2;;;;
49;PROFESORADO EN MATEMATICAS;ESTRUCTURAS ALGEBRAICAS;3;16:00;19:00;E;2;;;;;14:00;17:00;A;14;;;;;;;;;;;;
49;PROFESORADO EN MATEMATICAS;GEOMETRIA III;3;;;;;17:00;20:00;D;6;17:00;20:00;F;14;;;;;;;;;;;;
49;PROFESORADO EN MATEMATICAS;CALCULO NUMERICO;4;14:00;17:00;A;5;;;;;;;;;;;;;;;;;;;;
49;PROFESORADO EN MATEMATICAS;FISICA II;4;18:00;21:00;B;2;;;;;;;;;;;;;;;;;;;;
49;PROFESORADO EN MATEMATICAS;TALLER DE PRACTICA DOCENTE;4;;;;;14:00;17:00;E;2;14:00;17:00;A;7;14:00;17:00;A;5;;;;;;;;